<?xml version="1.0" encoding="UTF-8"?>
<project-private xmlns="http://www.netbeans.org/ns/project-private/1">
    <editor-bookmarks xmlns="http://www.netbeans.org/ns/editor-bookmarks/2" lastBookmarkId="0"/>
    <open-files xmlns="http://www.netbeans.org/ns/projectui-open-files/2">
        <group>
            <file>file:/D:/Semester5/SWP391/BakeryRecipeProject/BakeryRecipe_UserPage_Docs/BakeryRecipe/src/java/bakeryRecipe/controller/MainController.java</file>
            <file>file:/D:/Semester5/SWP391/BakeryRecipeProject/BakeryRecipe_UserPage_Docs/BakeryRecipe/web/search.jsp</file>
            <file>file:/D:/Semester5/SWP391/BakeryRecipeProject/BakeryRecipe_UserPage_Docs/BakeryRecipe/src/java/bakeryRecipe/recipe_tbl/Recipe_tblDAO.java</file>
            <file>file:/D:/Semester5/SWP391/BakeryRecipeProject/BakeryRecipe_UserPage_Docs/BakeryRecipe/src/java/bakeryRecipe/controller/SearchAllRecipeController.java</file>
            <file>file:/D:/Semester5/SWP391/BakeryRecipeProject/BakeryRecipe_UserPage_Docs/BakeryRecipe/web/index.jsp</file>
        </group>
    </open-files>
</project-private>
